,Age,Salary
count,10.0,10.0
mean,22.2,949000.0
std,3.119829055146024,362014.42574080447
min,18.0,550000.0
25%,20.25,712500.0
50%,21.5,840000.0
75%,25.0,1162500.0
max,26.0,1560000.0