,slope,intercept,r2,mae
all,1.0996577329585862,2.940635579918654,0.11629011229646713,3.598999998067527
filtered_iqr,1.5098456022174356,0.29447811244540034,0.8896018126432901,1.2016560145361823
winsorized,1.3116332655104277,1.3499777399524886,0.6414599013805624,1.7345570175608411
